{
  "project_info": {
    "project_number": "473927393143",
    "firebase_url": "https://dr-ai-e14d1-default-rtdb.firebaseio.com",
    "project_id": "dr-ai-e14d1",
    "storage_bucket": "dr-ai-e14d1.appspot.com"
  },
  "client": [
    {
      "client_info": {
        "mobilesdk_app_id": "1:473927393143:android:ee63ca9253b44cd5534b72",
        "android_client_info": {
          "package_name": "com.example.dr_ai"
        }
      },
      "oauth_client": [
        {
          "client_id": "473927393143-4a36efa15i3l4ap4mdhui6lh3u6vu65p.apps.googleusercontent.com",
          "client_type": 3
        }
      ],
      "api_key": [
        {
          "current_key": "AIzaSyBeoCC8wUy2hrY8H4Ioim2t9x5coPMe9JY"
        }
      ],
      "services": {
        "appinvite_service": {
          "other_platform_oauth_client": [
            {
              "client_id": "473927393143-4a36efa15i3l4ap4mdhui6lh3u6vu65p.apps.googleusercontent.com",
              "client_type": 3
            },
            {
              "client_id": "473927393143-cs8ntgs7m0d6h05rj41bief3vjqs5uen.apps.googleusercontent.com",
              "client_type": 2,
              "ios_info": {
                "bundle_id": "com.example.drAi.RunnerTests"
              }
            }
          ]
        }
      }
    }
  ],
  "configuration_version": "1"
}